0,Muito bom ajuda muito
0,excelente
0,Bom
0,aplicativo muito top
0,F√°cil e pr√°tico
0,muito bom
0,E mais pratico porem quando precisa sair tem que voltar ate a tela inicial!
0,app nota dez..
0,Melhorou muito com as corre√ß√µes e atualiza√ß√µes. Continuem evoluindo
0,otimo
0,praticidade
0,e muito do üè¶üòáüòáüòá
0,At√© o momento est√° me atendendo.
0,Sempre satisfeita com atendimento
0,"Excelente,atende a todas as minhas necessidades, al√©m de ser pr√°tico e de f√°cil manuseio."
0,Excelente aplicativo. Cont√©m todas as informa√ß√µes da conta e √© de f√°cil manuseio.
0,bom
0,top
0,top
1,"eu recebo meu sal√°rio h√° anos,e nunk tive um benef√≠cio se quer! o Banco preconceituoso"
1,"Bom dia! algu√©m pode me ajudar,quando eu coloco ag√™ncia no aplicativo n√£o vai,da ag√™ncia inv√°lida?"
0,"Muito bom e f√°cil de manusear, tudo nas m√£os com todo conforto."
0,funcional
0,√≥timo
0,gosto muito do aplicativo
0,pr√°tico. muito bom. parab√©ns.
0,"um √≥timo app ficou bem melhor, parab√©ns a equipe."
0,n√£o sei
0,muito pr√°tico adorei.
1,custei aderir mas achei muito bom. as vezes tenho problema na hora de transferir.
0,√≥timo
0,muito bom!
0,√ìtimo
0,Bom
0,top
0,sendo boa
1,"Depois da atualiza√ß√£o disponibilizada, n√£o funcionam: Nem BB Code e nem o leitor de c√≥digo de barras."
0,"excelente!resolvo tudo de casa mesmo,era tudo que eu mais precisava."
0,O app do bb est√° cada vez melhor
0,√â √≥timo
0,"O App √© muito √∫til, eficaz e j√° me tirou do sufoco v√°rias vezes. Parab√©ns!"
0,muito bom
0,√ìtimo!
0,Excelente
0,Um √≥timo app por ser pr√°tico e f√°cil na hora de mexer üëä
0,"Muito pr√°tico, consigo resolver tudo com ele."
0,App muito bom. Corresponde as minhas necessidades.
0,√≥timo
0,otimo
0,bom
0,gostei
0,Bom
1,E otimo mais as vezes nao manda mensagem avisando se algum valor cair na conta ou a movimentacao.
0,otima
0,saldos xestratos
0,para minha pessoa est√° bom supre minhas necessidades.
0,"Faz ano que uso o app do BB, nada a reclamar s√≥ a elogiar."
0,ü§ó
0,muito bom
0,√≥timo trabalho
0,Fa√ßo todas as coisas sem precisar ir no Banco
0,esse app √© √≥timo
0,parab√©ns App BB e √≥timo
0,excelente
1,"o Banco do Brasil e seus produtos s√£o p√©ssimos, e esse app n√£o √© diferente."
0,excelente. uso desde 2014 e recomendo.
0,√≥timo
0,muito bom
0,"Aplicativo muito bom e at√© ent√£o muito seguro, n√£o tenho nada que reclamar contra, sempre me serviu da melhor forma poss√≠vel."
0,"Fant√°stico! R√°pido, f√°cil e muito funcional."
0,muito bom
0,exelente aplicativo
0,√ìtimo App
0,pratico
0,muito bom
1,"Poderia ter um mecanismo de bloquear e desbloquear o cart√£o de cr√©dito,pois o cart√£o das casas Bahia trabalha desta forma."
0,muito mais f√°cil e simples de resolver.
0,excelente
0,To gostando abrir a cobra essa semana mas to gostando muito
0,√≥timo
1,e bom mais demora muito para abrir
0,Bom
0,bom
0,muito bom
1,Algumas coisas ficaram confusas nos menus.
1,Dif√≠cil √© fazer todos os recursos funcionarem. Mas talvez o problema seja do banco e n√£o do app..
0,boa
0,OK
0,"Bom aplicativo, recomendo!"
0,"super reconendo,muito pratico!"
0,Muito Top este Aplicativo do BB. Eu gostei e dou nota MIL pelo app e pelo ATENDIMENTO parab√©ns a todos os respons√°veis por este √≥timo trabalho.
0,Muito bom o App.
0,Bom aplicativo
0,√≥timo
0,F√°cil de manusear e bem interativo
0,facilidade em minhas m√£os!
0,√≥timo
0,excelente
0,sempre √© muito √°gil
0,"App √© legalzinho! Facilita um pouco a vida, s√≥ de n√£o precisar ir no banco ver saldo"
0,sem problemas e intuitivo.
0,summo
0,√ìtimo aplicativo estou gostando bastante.
0,show
0,√ìtimo servi√ßo
0,amo o app
0,aplicativo muito bom
1,ja baixei nao da certo; fica dando erro 503 preciso fazer tranferencia e movimenta a conta mas n√£o da certo.... nao tenho tempo de ir no banco pqe trabalho longe da cidade esse app nao me ajudou em nada... nem o 0800 qe so fala qe vai manda um codigo pra mim pegar no sac sem mas nunca chega este cod‚Ä¶
0,muito bom gostei muito recomendo a istalar
0,Muito bom
0,√ìtimo atendimento
0,muito bom.
1,n√£o consigo pagar contas acima de 800.00....
0,maravilhoso estar nesse Banco...super pr√°tico.....pena eu n√£o ter mais grana.....
1,Muito insatisfeito.. estou com um problema na conta a quase um mes e n√£o consigo resolver....
0,muito bom
0,", p0"
0,Gostei√ó
0,muito bom
1,"√ìtimo para os dias atuais onde temos cada vez menos tempo de ir at√© a ag√™ncia f√≠sica. Tem apenas um ponto negativo, mas que n√£o baixa minha avalia√ß√£o, o limite de transfer√™ncia √© baixo."
0,Melhorou.... aumentei 1 estrela
0,Atende minhas necessidades
0,Atende a todas as nossa expetativas na hora que mais precisamos. Parab√©ns!
0,Gosto muito üòò
0,poderia me informar qual o e-mail do BB ? O aplicativo n√£o tem chat e preciso resolver um problema no aplicativo.
0,muito pr√°tico para realizar os procedimentos
0,Bom
1,Tem que ficar ca√ßando o que vc quer fazer dentro dos menus....poderia ter busca por voz por solu√ß√£o ao inv√©s de produto
0,√≥timo
0,√ìtima to satisfeito !
0,√≥timo app nota mil
0,otima
0,muito boa
0,muito bom aplicativo
0,aplicativo muito bom!
0,muito bom
1,depois da √∫ltima atualiza√ß√£o n√£o consigo acessar minha conta...
0,muito bom
0,muito bom
0,otima
0,bom aplicativo...
0,"√≥timo aplicativo, favilita minha movimenta√ß√£o da conta, parab√©ns"
0,Me poupou de EST√Å ligando pra central de relacionamento e EST√Å indo ao banco de VEZ em quando 'ele √© um aplicativo preciso No meu conceito √ìTIMO! Super indico aos correntistas do BBüëèüëèüëè
0,Muito pr√°tico e r√°pido
0,f√°cil e pr√°tico
0,√ìtima
0,Funcional
0,Otimo
0,Muito pr√°tico e f√°cil
0,Muito bom
0,√ìtimo
0,Muito bom o aplicativo
0,Okay
0,√ìtimo
1,"P√©ssimo, pior imposs√≠vel. O banco √© o PIOR que existe e o app acompanha. N√£o consigo realizar transa√ß√µes no app porque consta a informa√ß√£o de ""conta privada"". Pesquisei na internet e simplesmente n√£o tem resposta! N√£o se sabe o que significa. Estou cansada, fui obrigada a abrir porque sou advogada e a OAB tem conv√™nio com o Banco do Brasil, mas o arrependimento √© di√°rio!"
1,O aplicativo √© ruim. O banco √© p√©ssimo. So sabe cobrar tarifas abusivas !
0,Agora so mim paga
0,Otimo app atendende a todas as nececessidades
0,Muito bom super rapido
0,Muito pr√°tico
0,Muito intuitivo
0,"Precisa criar uma ferramenta de desbloqueio para pessoas que moram fora do pa√≠s. Mas do resto, o app √© √≥timo!"
0,√ìtimo.
1,"O app era √≥timo. At√© lan√ßarem essa vers√£o nova, toda bugada e lenta. S√≥ √© poss√≠vel fazer uma opera√ß√£o por vez, depois disso apertando em voltar j√° desloga do app e tem que fazer login de novo. Como todos os bancos fazem, conseguiram burocratizar uma coisa que era simples."
0,Muito bom facilita muito coisas no nosso dia a dia
0,Bom pra mim ta Tudu joia
0,Legal
1,Muito show.... Quase n√£o preciso ir √† ag√™ncia A n√£o ser para o pessoal da ag√™ncia que √© nota 10
0,Muito bom app completo n√£o preciso nem ir no banco
0,muito bom e pr√°tico
0,Muto bom f√°cil de usar
0,Muito √∫til
0,bom
0,Funciona
0,"Muito bom, s√≥ um detalhe sempre que atualizar tem que ir no caixa eletr√¥nico pra desbloquear fun√ß√£o transa√ß√µes"
0,√≥tima
1,N√£o abre
0,Otima
1,Quando o pagamento √© efetuado nao ta aprecendo a foto do comprovante
1,"Horrivel pior banco e aplicativo , nao funciona dia de domingo o sistema inteiro fica fora do ar , pessimo"
0,Bom
0,Gostei
0,Excelente facilita muito para mim
1,Razo√°vel
0,Um aplicativo f√°cil de usar muito bom
0,Muito bom
0,ivani Cassiano Ribeiro sim
0,muito bom eficiente e prestativo
0,Muito bom! R√°pido e pr√°tico na hora de transfer√™ncia ou pagamentos.
0,√ìtimo.
0,Mto bom. Satisfeita.
0,Excelente
0,Boa
0,Muito pratico
0,Perfeito
0,"Muito pr√°tico,"
0,Muito legal
0,Muito bom simples de mexer otimo app.
0,√ìtimo
0,"Por enquanto tudo funcionando normalmente, nota 10."
0,Resolve ligeiro e pratico
0,Otima
0,Excelente
0,N√£o tenho experien√ßa em aplica√ß√£o no bb. Ti√£o Santos
0,N√£o tem acesso a minha d√≠vida agr√°ria
0,Sempre muito bom
0,"Muito bom, resolvo quase tudo, praticidade e facilidade. Parab√©ns"
0,Muito bom
0,Incomparavel Muita rapidez
0,Muito r√°pido e simples
0,Muito r√°pido e simples
0,Muito bom
0,√ìtimo App recomendado
0,Excelente
0,"Muito bom , informa√ß√µes em tempo real ."
0,O Ok
0,√ìtimo
0,"Melhor atendimento ao cliente, e muito mais pr√°tico."
0,Otima
0,Bom
0,Muito bom
0,Simples de navegar e com muitas informa√ß√µes em uma s√≥ tela
0,Muito bom
0,Muito bom
0,Bom
0,Muito bom
0,bom
0,√ìtimo
1,"Nao recebo mais as mensagens no app e nem sms informando quando houve alguma transa√ß√£o, saque, dep√≥sito, transfer√™ncia ou pagamento. E esta sendo cobrado a taxa de R$ 5,00 todo m√™s e nao estou usando o servi√ßo."
0,Bom
1,"Nao consigo usar varias fun√ß√µes do app, mesmo desbloqueado."
0,√ìtimo
0,Parabens
0,√ìtimo
0,√â top
0,√ìtimo
0,"Pratico, atual para um novo tempo."
0,Muito bom
0,Estou gostando muito
0,Muito bom
0,Maravilhoso. Nunca tive problemas
0,Muito pr√°tico
0,Boa
0,Muito bom
0,"Gostei muito nunca me deu problemas, tudo muito pr√°tico r√°pido e f√°cil. Recomendo"
0,Muito boa.
0,√ìtimo app recomendo a todos
1,Bom as vezes n√£o entra
0,Bom
0,Transmite uma seguran√ßa ao cliente e a facilidade de utilizar pelo app sem precisar sair de casa
1,app para que se voc√™ tem que ir na ag√™ncia do mesmo jeito . Odiei s√≥ abri a conta para receber o sal√°rio . Achei que seria f√°cil e r√°pido kkk vou ter que procurar uma ag√™ncia
0,As oportunidade do banco do Brasil s√£o √≥timas
0,Muito bom
0,top
0,"T√° muito bom, gostei!"
0,Top
0,Muito bom.consigo fazer tudo com ele.
0,Muito bom
0,Muito bom galera. Recomendo a todos q desejam praticidade!
0,Muito bom galera. Recomendo a todos q desejam praticidade!
0,Muito bom o atendimento
0,√ìtimo
0,Bom
0,Pr√°tico e funcional
0,Pr√°tico e eficiente
0,Excelente aplicativo
0,"Excelente, informa√ß√µes confi√°veis"
0,Est√° sendo melhor ag√™ncia na minha opini√£o esse app espetacular
0,√ìtimo e pratico. √ìtimo e pratico.
0,√ìtimo
0,Muito pr√°tico e indispens√°vel para o dia dia valeu nota mil.
0,O banco que te ajuda nos momentos mais dif√≠ceis de sua vida.
0,Bom Muito bom
1,Bom Muito bom
0,Bem eficiente
0,R√°pido e claro
0,Muito bom
1,Meu app n√£o quer logar na minha conta
1,"De um m√™s para c√°, ficou horr√≠vel. Trava em qualquer opera√ß√£o em qualquer hora e dia. J√° foi bom."
0,"De um m√™s para c√°, ficou horr√≠vel. Trava em qualquer opera√ß√£o em qualquer hora e dia. J√° foi bom."
0,Excelente
0,"Gosto muito desse app √© pratico e de facil entendimento,da ao usuario a sensa√ßao de seguran√ßa nas transa√ßoes."
0,Bom
0,Pr√°tico sem falar a comodidade de vc pagar sua conta em qualquer lugar sem filas.
0,Muito bom
0,Muito satisfat√≥rio
0,Muito satisfat√≥rio
0,Muito bom mesmo
0,"Show otimo, facilito muito minha vida financeira...."
0,Muito bom
0,"A √∫nica ag√™ncia da cidade fica longe da minha casa, este aplicativo me ajuda muito."
0,"A √∫nica ag√™ncia da cidade fica longe da minha casa, este aplicativo me ajuda muito."
0,Muito bom.....
0,App pr√°tico e f√°cil de usar
0,Excelente aplicativo
0,Muito bom!!!
0,Muito bom
0,Otimuuu
0,Muito bom o aplicativo
0,Top
0,Excelente
0,exelente
0,Otimo!
0,√ìtimo aplicativo
0,"Muito bom , f√°cil , opcional,"
0,Muito bom gosto muito facilita muito nosso dia dia
1,S√≥ precisa voltar a op√ß√£o de compartilhar o recibo quando se faz um pagamento
0,Gostei muito. De grande import√¢ncia
0,Minha movimenta√ß√£o √© pequena mas sempre que preciso este aplicativo corresponde as minhas expectativas. Obrigada
1,N√£o t√° mostrando mais meu cart√£o na tela
0,Pratico e facil de usar
0,Seguro
0,"Facilita demais a minha vida. Consigo fazer minhas transa√ß√µes com rapidez,segura, c Com agilidade sem sair de casa e sem pegar tr√¢nsito"
0,muito pratico e bem fucional
0,N√£o sei nada ainda. Acabei de instalar
0,muito bom
0,√ìtimo
0,otimo
0,Top
0,√ìtimo
0,App otimo top dos tops
0,Bom atendimento
0,√ìtimo
0,Muito bom
0,Um √≥timo aplicativo. Desenrolou a minha vida.
1,P√©ssimo app nada se resolve por aqui deveria ter a op√ß√£o falar com especialista 24hs
0,Muito bom a muito tempo n√£o entro na ag√™ncia.
0,√ìtimo muito pr√°tico
0,Excelente app...
0,Top
0,Excelente
0,Muito pratico pra usar no dia dia.
0,Otimo
0,Aplicativo muito bom e de f√°cil manuseio.
0,Aplicativo muito bom gostei muito parab√©ns
0,√ìtimo
0,Excelente
0,Excelente
0,Simples de usar
0,"Atende a todas as minhas necessidades, mas √†s vezes apanho um pouco para o aplicativo ler c√≥digo de barra para pagamentos. N√£o sei ao certo se h√° como melhorar isso."
0,"Excelente, seguro f√°cil e rapido"
0,por enquanto nao tenho oque reclamar !!!
0,√ìtimo. Auxilia muito.üëç
0,m bb v . v3 3 csn dBm b0m mm a bb l lm Mb manda
0,O Aplicativo e muito pr√°tico.
1,"Muito ruim, n√£o consigo pagar contas pelo codigo de barras."
0,Bom
0,Muito bom
0,F√°cil manuseio! Mas poderia ter mais informa√ß√µes sobre algumas fun√ß√µes
1,Deletaram minha resenha mais eu escrevo denovo. APP PAPA DINHEIRO. MEU DINHEIRO TA BLOQUEADO A QUASE 1 MES PQ NINGUEM SE DA A PENA DE VALIDAR OS DOCS QUE MANDEI. PRECISO PAGAR CONTAS.
0,√ìtimo
0,Legal eu gostei
0,Muito bom.
1,"UMA MERDAAAA, N√ÉO CONSIGO DESBLOQUEAR MEU CART√ÉO!!!!"
0,√ìtimo pra mim
0,Euquero umaplicativo para eu fsxercompras .
0,Os servi√ßos dispon√≠veis no app do BB s√£o simples de usar e facilitam o dia a dia.
0,Muito bom
0,Pq ss
0,√ìtimo app
0,Muito bom.
0,Melhor que o da caixa
0,Bom
0,Muito bom!
0,Muito bom..
0,Me atende perfeitamente
1,Insastifeito
0,√ìtimo
0,Excelente
0,O √∫nico banco que me deus um cart√£o de cr√©dito melhor que o Bradesco
0,Gostei muito bom
0,Excelente
0,Muito bom
0,Muito bom
1,N√£o foi poss√≠vel fazer o cadastro do BB code...App n√£o reconhece o code.
0,Bom gostei
0,Otimo
0,Gosto porque √© pr√°tico
0,.√≥timo
0,Bom!
0,Excelente App... resolvo quase tudo por aqui!!
0,E um √≥timo app
0,R√°pido! Pr√°tico! Seguro! E Eficiente!
0,Muito pr√°tico
0,muito bom muito simples realizar transa√ß√£o nele
0,Tem melhorado a experi√™ncia.
0,Desejo mater meu aplicativo
0,√ìtima
0,√ìtima
0,Maravilhoso banco Brasil
0,√â muito confortante
1,A habilitacao do bb code nao funcionou no terminal AA e no app
0,Muito bom mesmo eu recomendo parab√©ns pelo app
0,√ìtimo aplicativo üëç
0,√ìtimo
0,Facilita
0,Muito bom e eficiente!
1,"Aplicativo mais ou menos √± consigo realizar pagamento com cart√£o de d√©bito, na compra de cr√©ditos no aplicativo da riocardmais. Da mensagem de erro √© n√£o finaliza a compra."
0,Muito bom!
0,√ìtimo aplicativo
0,Gostei de mas
0,bom
0,Muito bom.
1,"P√©ssimo, atendimento no banco e APP horr√≠vel"
1,Poderia ser mais dinamico
0,Perfeito
0,otimo.Aplic.
0,Muito Bom o aplicativo.
0,√ìtima sou correntista do Santander a 4 meses e me negam cr√©dito com o BB fui aprovado e j√° ganhei cart√£o de cr√©dito estou muito FELIZ
0,muito bom recomendo
0,Aplicativo nota 10
0,√≥timo
0,Mi a judou muito obrigado
0,App daora
0,Top
0,A conta abre na hora? Ou tem prazo pra ser aceita
0,Bom
1,Estou tentando h√° 2 horas contestar uma compra no cart√£o de cr√©dito e cai a liga√ß√£o. J√° ca√≠ram 6 liga√ß√µes com dura√ß√£o de 6 a 10 minutos cada uma.
0,Perfeito
0,Bom
0,Boa
0,Bom
0,otimo !
0,Boa
0,"Muito pr√°tico e bom , que possa melhorar cada vez mais . grato."
0,Muito bom!
0,Bom demais
0,Bom
1,Muito ruim.. Eu nem consigo fazer o acesso mesmo insetindo todos os meus dados corretos. Afff
0,Bom e pratico
0,Vc vez fui um Ah edu
0,Top
0,Excelente
0,O melhor App do sistema financeiro
0,Meu banco favorito.
0,Um aplicativo muito bom completo!Estao de parabens os desenvolvedores do mesmo!Continuem assim apresentando bons aplicativos!Abra√ßos a todos!
0,Excelente
0,Muito bom me ajuda muito
0,Muito bom gostei
0,"Muito bom, trabalho executado com √™xito.‚ô•Ô∏è"
1,"P√âSSIMO! Tenho dinheiro na conta √© n√£o posso movimentar, sempre d√° ""erro, conta privativa"". üò° O SAC √© p√©ssimo, s√≥ existe por telefone. Perdi o dinheiro que eu coloquei na conta. üò°üò°üò°"
0,Muito bom üòôüòôüòô
1,O dep√≥sito em cheque por imagem n√£o funciona. Sempre devolve dizendo que a imagem est√° fora do padr√£o.
0,Experi√™ncia inicial com o aplicativo.
1,N√£o dou cinco por que n√£o consigo terminar meu perfil
0,Bom
0,Bom
0,Muito bom
0,"Sem d√∫vida alguma, *O melhor app banc√°rio do Brasil*. Adoro esse app, √© muito r√°pido pr√°tico e tenho tudo de que preciso nas m√£os 24h por dia."
1,bloqueram tudo nao to conseguindo nem tira no caixa eletr√¥nico ..meu final foi pessimo sem dinheiro ...vou te que ir no Banco para resolver....
